{
	"info": {
		"_postman_id": "462e74df-50f5-4299-a9d3-479d14dcc1a3",
		"name": "API Sanctum - DWES06",
		"schema": "https://schema.getpostman.com/json/collection/v2.1.0/collection.json",
		"_exporter_id": "19407551"
	},
	"item": [
		{
			"name": "login - Obtener Bearer Token",
			"protocolProfileBehavior": {
				"disabledSystemHeaders": {
					"accept": true
				}
			},
			"request": {
				"method": "POST",
				"header": [
					{
						"key": "Accept",
						"value": "application/json",
						"type": "text"
					}
				],
				"body": {
					"mode": "raw",
					"raw": "{\r\n    \"username\": \"prueba\",\r\n    \"password\": \"prueba\"\r\n}",
					"options": {
						"raw": {
							"language": "json"
						}
					}
				},
				"url": {
					"raw": "http://127.0.0.1:8000/api/login",
					"protocol": "http",
					"host": [
						"127",
						"0",
						"0",
						"1"
					],
					"port": "8000",
					"path": [
						"api",
						"login"
					]
				}
			},
			"response": []
		},
		{
			"name": "users",
			"event": [
				{
					"listen": "prerequest",
					"script": {
						"exec": [
							""
						],
						"type": "text/javascript",
						"packages": {}
					}
				}
			],
			"protocolProfileBehavior": {
				"disabledSystemHeaders": {
					"accept": true
				}
			},
			"request": {
				"auth": {
					"type": "bearer",
					"bearer": [
						{
							"key": "token",
							"value": "5|rqrBkdGzRINsGJdWeRsxt66DvqwDNwFPNNxtmbECccfa11dd",
							"type": "string"
						}
					]
				},
				"method": "GET",
				"header": [
					{
						"key": "Accept",
						"value": "application/json",
						"type": "text"
					}
				],
				"url": {
					"raw": "http://127.0.0.1:8000/api/users",
					"protocol": "http",
					"host": [
						"127",
						"0",
						"0",
						"1"
					],
					"port": "8000",
					"path": [
						"api",
						"users"
					]
				}
			},
			"response": []
		},
		{
			"name": "obtener info usuario autenticado",
			"request": {
				"auth": {
					"type": "bearer",
					"bearer": [
						{
							"key": "token",
							"value": "13|UfMeJgHhOXRFtp3vmCzpybrynA7Vyd3bnAuX4jQr734789d3",
							"type": "string"
						}
					]
				},
				"method": "GET",
				"header": [],
				"url": {
					"raw": "http://127.0.0.1:8000/api/user",
					"protocol": "http",
					"host": [
						"127",
						"0",
						"0",
						"1"
					],
					"port": "8000",
					"path": [
						"api",
						"user"
					]
				}
			},
			"response": []
		},
		{
			"name": "CSRF-Cookie",
			"request": {
				"method": "GET",
				"header": [],
				"url": {
					"raw": "http://127.0.0.1:8000/sanctum/csrf-cookie",
					"protocol": "http",
					"host": [
						"127",
						"0",
						"0",
						"1"
					],
					"port": "8000",
					"path": [
						"sanctum",
						"csrf-cookie"
					]
				}
			},
			"response": []
		},
		{
			"name": "paginacion",
			"request": {
				"auth": {
					"type": "bearer",
					"bearer": [
						{
							"key": "token",
							"value": "10|HzcGusc6cnyZoMmTz98FTyVOb3vwEEssYfeSRe4sbcf6cf75",
							"type": "string"
						}
					]
				},
				"method": "GET",
				"header": [],
				"url": {
					"raw": "http://127.0.0.1:8000/api/users?page=2",
					"protocol": "http",
					"host": [
						"127",
						"0",
						"0",
						"1"
					],
					"port": "8000",
					"path": [
						"api",
						"users"
					],
					"query": [
						{
							"key": "page",
							"value": "2"
						}
					]
				}
			},
			"response": []
		},
		{
			"name": "ubicaciones",
			"protocolProfileBehavior": {
				"disableBodyPruning": true
			},
			"request": {
				"auth": {
					"type": "bearer",
					"bearer": [
						{
							"key": "token",
							"value": "45|DdIKDndHHHgGtW013SqmiZWiq7ubvrQNTjCSWT88ecf26f50",
							"type": "string"
						}
					]
				},
				"method": "GET",
				"header": [],
				"body": {
					"mode": "urlencoded",
					"urlencoded": []
				},
				"url": {
					"raw": "http://127.0.0.1:8000/api/ubications",
					"protocol": "http",
					"host": [
						"127",
						"0",
						"0",
						"1"
					],
					"port": "8000",
					"path": [
						"api",
						"ubications"
					]
				}
			},
			"response": []
		},
		{
			"name": "crearUbicacion",
			"request": {
				"auth": {
					"type": "bearer",
					"bearer": [
						{
							"key": "token",
							"value": "12|oN22KERtZkm4Rj6dxitGq81gKXweXsGXinupN1wc24baa7e3",
							"type": "string"
						}
					]
				},
				"method": "POST",
				"header": [],
				"body": {
					"mode": "urlencoded",
					"urlencoded": [
						{
							"key": "nombre",
							"value": "Prueba Ubicacion",
							"type": "text"
						},
						{
							"key": "descripcion",
							"value": "Prueba descripcion",
							"type": "text"
						},
						{
							"key": "dias",
							"value": "L,M",
							"type": "text"
						}
					]
				},
				"url": {
					"raw": "http://127.0.0.1:8000/api/ubications",
					"protocol": "http",
					"host": [
						"127",
						"0",
						"0",
						"1"
					],
					"port": "8000",
					"path": [
						"api",
						"ubications"
					]
				}
			},
			"response": []
		},
		{
			"name": "talleres",
			"request": {
				"auth": {
					"type": "bearer",
					"bearer": [
						{
							"key": "token",
							"value": "7|mamyRkIfTdKh1FQrvnEYRkA7CGwr5o7A8n0wU5Nzda37f867",
							"type": "string"
						}
					]
				},
				"method": "GET",
				"header": [],
				"url": {
					"raw": "http://127.0.0.1:8000/api/workshops/1",
					"protocol": "http",
					"host": [
						"127",
						"0",
						"0",
						"1"
					],
					"port": "8000",
					"path": [
						"api",
						"workshops",
						"1"
					]
				}
			},
			"response": []
		},
		{
			"name": "crear Taller",
			"request": {
				"auth": {
					"type": "bearer",
					"bearer": [
						{
							"key": "token",
							"value": "20|58vLulwD3UA5fsnkeaPFsPGQEwgMdYi976KNtP8l4a1665fb",
							"type": "string"
						}
					]
				},
				"method": "POST",
				"header": [],
				"body": {
					"mode": "urlencoded",
					"urlencoded": [
						{
							"key": "ubicacion_id",
							"value": "2",
							"type": "text"
						},
						{
							"key": "nombre",
							"value": "Taller Prueba",
							"type": "text"
						},
						{
							"key": "descripcion",
							"value": "Descripción de prueba",
							"type": "text"
						},
						{
							"key": "dia_semana",
							"value": "L",
							"type": "text"
						},
						{
							"key": "hora_inicio",
							"value": "16:00",
							"type": "text"
						},
						{
							"key": "hora_fin",
							"value": "18:00",
							"type": "text"
						},
						{
							"key": "cupo_maximo",
							"value": "10",
							"type": "text"
						},
						{
							"key": "id",
							"value": "",
							"type": "text"
						}
					]
				},
				"url": {
					"raw": "http://127.0.0.1:8000/api/workshops",
					"protocol": "http",
					"host": [
						"127",
						"0",
						"0",
						"1"
					],
					"port": "8000",
					"path": [
						"api",
						"workshops"
					]
				}
			},
			"response": []
		},
		{
			"name": "eliminar ubicacion",
			"request": {
				"auth": {
					"type": "bearer",
					"bearer": [
						{
							"key": "token",
							"value": "9|uZFHbqbvi5gHW1KmiL5p18Yf5d4MMZR16hGeVFeh653d31d9",
							"type": "string"
						}
					]
				},
				"method": "DELETE",
				"header": [],
				"url": {
					"raw": "http://127.0.0.1:8000/api/ubications/222",
					"protocol": "http",
					"host": [
						"127",
						"0",
						"0",
						"1"
					],
					"port": "8000",
					"path": [
						"api",
						"ubications",
						"222"
					]
				}
			},
			"response": []
		}
	]
}