{
	"info": {
		"_postman_id": "bddb96a9-69d8-4199-b7e9-4ab5571c8590",
		"name": "DWES06",
		"schema": "https://schema.getpostman.com/json/collection/v2.1.0/collection.json",
		"_exporter_id": "19407551"
	},
	"item": [
		{
			"name": "Crear Taller",
			"request": {
				"method": "POST",
				"header": [],
				"body": {
					"mode": "urlencoded",
					"urlencoded": [
						{
							"key": "nombre",
							"value": "Taller Divertido 2",
							"type": "text"
						},
						{
							"key": "descripcion",
							"value": "Un taller muy divertido",
							"type": "text"
						},
						{
							"key": "dia_semana",
							"value": "S",
							"type": "text"
						},
						{
							"key": "hora_inicio",
							"value": "08:00",
							"type": "text"
						},
						{
							"key": "hora_fin",
							"value": "10:00",
							"type": "text"
						},
						{
							"key": "cupo_maximo",
							"value": "7",
							"type": "text"
						}
					]
				},
				"url": {
					"raw": "http://127.0.0.1:8000/api/ubicaciones/3/creartaller",
					"protocol": "http",
					"host": [
						"127",
						"0",
						"0",
						"1"
					],
					"port": "8000",
					"path": [
						"api",
						"ubicaciones",
						"3",
						"creartaller"
					]
				}
			},
			"response": []
		},
		{
			"name": "Talleres En Ubicacion",
			"request": {
				"method": "GET",
				"header": [],
				"url": {
					"raw": "http://127.0.0.1:8000/api/ubicaciones/1/talleres",
					"protocol": "http",
					"host": [
						"127",
						"0",
						"0",
						"1"
					],
					"port": "8000",
					"path": [
						"api",
						"ubicaciones",
						"1",
						"talleres"
					]
				}
			},
			"response": []
		},
		{
			"name": "Listado Ubicaciones",
			"request": {
				"method": "GET",
				"header": [],
				"url": {
					"raw": "http://127.0.0.1:8000/api/ubicaciones/",
					"protocol": "http",
					"host": [
						"127",
						"0",
						"0",
						"1"
					],
					"port": "8000",
					"path": [
						"api",
						"ubicaciones",
						""
					]
				}
			},
			"response": []
		},
		{
			"name": "Eliminar taller",
			"request": {
				"method": "DELETE",
				"header": [],
				"url": {
					"raw": "http://127.0.0.1:8000/api/talleres/7",
					"protocol": "http",
					"host": [
						"127",
						"0",
						"0",
						"1"
					],
					"port": "8000",
					"path": [
						"api",
						"talleres",
						"7"
					]
				}
			},
			"response": []
		},
		{
			"name": "Cambiar Ubicacion",
			"request": {
				"method": "PATCH",
				"header": [],
				"body": {
					"mode": "raw",
					"raw": "{\r\n    \"nueva_ubicacion\": 4\r\n}",
					"options": {
						"raw": {
							"language": "json"
						}
					}
				},
				"url": {
					"raw": "http://127.0.0.1:8000/api/talleres/2/cambiarubicacion",
					"protocol": "http",
					"host": [
						"127",
						"0",
						"0",
						"1"
					],
					"port": "8000",
					"path": [
						"api",
						"talleres",
						"2",
						"cambiarubicacion"
					]
				}
			},
			"response": []
		}
	]
}